{"o": {"a": 0.5685071574642127, "e": 0.7607361963190183, "c": 0.8302658486707566, "J": 0.8323108384458077, "s": 0.8936605316973414, "r": 0.9161554192229038, "G": 0.9182004089979549, "w": 0.9222903885480571, "u": 0.9447852760736195, "I": 0.9468302658486706, "n": 0.9611451942740284, "i": 0.9652351738241307, "0": 0.9672801635991818, "d": 0.9775051124744374, "v": 0.9815950920245397, "y": 0.9836400817995907, "O": 0.987730061349693, "b": 0.9918200408997953, "p": 0.9959100204498975, "l": 0.9979550102249486, "6": 0.9999999999999997}, "a": {"o": 0.5440313111545988, "e": 0.7964774951076321, "n": 0.8336594911937378, "A": 0.8473581213307242, "I": 0.8493150684931507, "y": 0.8512720156555773, "d": 0.8610567514677103, "u": 0.9119373776908023, "c": 0.9256360078277885, "s": 0.9510763209393345, "i": 0.968688845401174, "w": 0.9726027397260272, "k": 0.9745596868884538, "r": 0.9843444227005869, "m": 0.9863013698630134, "h": 0.98825831702544, "N": 0.9902152641878665, "g": 0.9941291585127198, "b": 0.998043052837573, "p": 0.9999999999999996}, "r": {"e": 0.019543973941368076, "c": 0.04234527687296417, "v": 0.16938110749185667, "i": 0.19218241042345277, "s": 0.41693811074918563, "t": 0.4755700325732899, "m": 0.501628664495114, "p": 0.5342019543973942, "l": 0.5472312703583062, "n": 0.8827361563517915, "o": 0.9185667752442996, "u": 0.9348534201954397, "h": 0.9446254071661238, "x": 0.9478827361563518, "F": 0.9511400651465798, "w": 0.9641693811074918, "f": 0.9674267100977199, "r": 0.9739413680781759, "a": 0.990228013029316, "j": 0.993485342019544, "b": 0.996742671009772, "P": 1.0}, "e": {"r": 0.01643835616438356, "s": 0.07123287671232877, "u": 0.1232876712328767, "o": 0.38082191780821917, "a": 0.7342465753424657, "i": 0.7534246575342466, "l": 0.7863013698630137, "c": 0.9013698630136986, "w": 0.9342465753424657, "g": 0.9369863013698629, "t": 0.9452054794520547, "n": 0.9671232876712328, "m": 0.9753424657534245, "e": 0.980821917808219, "p": 0.9890410958904108, "d": 0.9945205479452053, "x": 0.9972602739726025, "z": 0.9999999999999998}, "n": {"m": 0.12751677852348994, "l": 0.1375838926174497, "a": 0.20134228187919467, "t": 0.20469798657718125, "s": 0.2852348993288591, "u": 0.43959731543624164, "h": 0.48322147651006714, "r": 0.8288590604026846, "I": 0.8322147651006713, "k": 0.8389261744966444, "c": 0.8791946308724834, "i": 0.88255033557047, "o": 0.9060402684563761, "e": 0.9328859060402687, ".": 0.9362416107382553, "x": 0.9395973154362419, "w": 0.9563758389261748, "b": 0.9597315436241615, "v": 0.9932885906040272, "n": 1.0000000000000004}, "m": {"n": 0.4222222222222222, "w": 0.5777777777777777, "r": 0.6666666666666666, ".": 0.7666666666666666, "u": 0.8666666666666666, "M": 0.8888888888888888, "e": 0.9222222222222222, ",": 0.9333333333333332, "h": 0.9555555555555555, "a": 0.9666666666666666, "t": 0.9777777777777776, "k": 0.9888888888888887, "c": 0.9999999999999998}, "c": {"r": 0.05185185185185185, "s": 0.1259259259259259, "o": 0.37777777777777777, "d": 0.4444444444444444, "l": 0.45185185185185184, "e": 0.762962962962963, "i": 0.7851851851851852, "w": 0.7925925925925926, "a": 0.8444444444444444, "n": 0.9333333333333333, "z": 0.9481481481481482, "u": 0.962962962962963, "C": 0.9703703703703704, "k": 0.9777777777777779, "t": 0.9851851851851853, "G": 0.9925925925925927, "m": 1.0}, "g": {"f": 0.125, "y": 0.59375, "p": 0.71875, "e": 0.75, "q": 0.8125, "s": 0.84375, "j": 0.875, "t": 0.90625, "a": 0.96875, "z": 1.0}, "f": {"g": 0.06349206349206349, "t": 0.5714285714285714, "y": 0.5873015873015872, "b": 0.603174603174603, "P": 0.6349206349206348, "H": 0.6507936507936507, "F": 0.7777777777777777, "p": 0.8253968253968254, "A": 0.8412698412698412, "l": 0.9365079365079364, "r": 0.9523809523809523, "J": 0.9682539682539681, "s": 0.984126984126984, "Y": 0.9999999999999998}, "s": {"c": 0.040983606557377046, "e": 0.12295081967213115, "r": 0.40573770491803274, "x": 0.4467213114754098, "n": 0.5450819672131146, "t": 0.5983606557377048, "o": 0.721311475409836, "d": 0.7540983606557377, "b": 0.7745901639344261, "v": 0.7950819672131146, "a": 0.8483606557377048, "S": 0.8811475409836065, "y": 0.8852459016393441, "h": 0.8934426229508196, "l": 0.9180327868852458, "i": 0.9344262295081966, "g": 0.9385245901639343, "z": 0.9467213114754097, "u": 0.9549180327868851, "B": 0.9672131147540982, ".": 0.9754098360655736, "f": 0.9795081967213113, ",": 0.9877049180327867, "w": 0.9959016393442621, "j": 0.9999999999999998}, "l": {"J": 0.022727272727272728, "n": 0.03977272727272727, "k": 0.13636363636363635, "e": 0.20454545454545453, "c": 0.2102272727272727, "t": 0.5625, "h": 0.6477272727272727, "i": 0.6704545454545454, ".": 0.6761363636363636, "r": 0.6988636363636364, "b": 0.7784090909090909, "H": 0.7840909090909092, "L": 0.8011363636363638, "p": 0.806818181818182, "s": 0.840909090909091, "d": 0.8977272727272728, "f": 0.9318181818181819, "u": 0.9659090909090909, "I": 0.9715909090909092, "N": 0.9772727272727274, "'": 0.9829545454545456, "R": 0.9886363636363639, "o": 0.9943181818181821, "1": 1.0000000000000002}, "J": {"l": 0.5714285714285714, "o": 0.7142857142857142, "d": 0.857142857142857, "f": 0.9999999999999998}, "U": {"L": 0.14285714285714285, "M": 0.7142857142857142, "W": 0.9999999999999999}, "L": {"U": 0.09090909090909091, "l": 0.36363636363636365, "I": 0.4545454545454546, "h": 0.6363636363636365, "b": 0.7272727272727274, "R": 0.9090909090909092, "t": 1.0}, "u": {"e": 0.11728395061728394, "h": 0.1728395061728395, "k": 0.19753086419753085, "w": 0.24691358024691357, "n": 0.5308641975308641, "a": 0.691358024691358, "r": 0.7222222222222222, "m": 0.7777777777777778, "b": 0.7839506172839507, "v": 0.8148148148148149, "o": 0.8827160493827161, "s": 0.8950617283950617, "l": 0.9320987654320987, "c": 0.9444444444444444, "i": 0.9876543209876543, "x": 0.9938271604938271, "y": 1.0}, "t": {"f": 0.13852813852813853, "r": 0.21645021645021645, "n": 0.22077922077922077, "d": 0.2683982683982684, "k": 0.35064935064935066, "h": 0.4935064935064935, "l": 0.7619047619047619, "s": 0.8181818181818181, "H": 0.8571428571428571, "i": 0.8701298701298701, "e": 0.8831168831168831, "A": 0.9004329004329004, "K": 0.9047619047619047, "b": 0.9393939393939393, "S": 0.9437229437229436, "T": 0.9567099567099566, "7": 0.9610389610389609, "c": 0.9653679653679652, "g": 0.9696969696969695, "I": 0.9826839826839825, "v": 0.9870129870129868, "m": 0.9913419913419911, "L": 0.9956709956709954, "w": 0.9999999999999997}, "v": {"r": 0.5571428571428572, "s": 0.6285714285714286, "w": 0.7285714285714285, "u": 0.7999999999999999, "o": 0.8285714285714285, "n": 0.9714285714285713, "t": 0.9857142857142855, "d": 0.9999999999999998}, "i": {"r": 0.10294117647058823, "e": 0.20588235294117646, "c": 0.25, "l": 0.3088235294117647, "t": 0.35294117647058826, "h": 0.42647058823529416, "1": 0.44117647058823534, "n": 0.4558823529411765, "p": 0.4705882352941177, "a": 0.6029411764705883, "s": 0.661764705882353, "o": 0.6911764705882354, "I": 0.7500000000000001, ":": 0.7647058823529412, ";": 0.7794117647058824, "k": 0.7941176470588235, "u": 0.8970588235294117, "'": 0.9117647058823528, "M": 0.9264705882352939, "j": 0.9705882352941174, "w": 0.9852941176470585, ".": 0.9999999999999997}, "k": {"l": 0.24285714285714285, "t": 0.5142857142857142, "d": 0.5285714285714285, "h": 0.8285714285714285, "u": 0.8857142857142857, "n": 0.9142857142857143, "i": 0.9285714285714285, "c": 0.9428571428571427, "a": 0.957142857142857, "m": 0.9714285714285712, "b": 0.9999999999999998}, "y": {"f": 0.04, "p": 0.12, "g": 0.72, "a": 0.76, "s": 0.8, ",": 0.92, "o": 0.9600000000000001, "u": 1.0}, "W": {"K": 0.08333333333333333, "N": 0.3333333333333333, "T": 0.41666666666666663, "w": 0.6666666666666666, "1": 0.75, "B": 0.8333333333333334, "U": 1.0}, "K": {"W": 0.5, "t": 1.0}, "M": {"U": 0.25, "1": 0.375, "H": 0.5, "m": 0.625, "T": 0.75, "A": 0.9375, "i": 1.0}, "x": {"s": 0.7142857142857143, "r": 0.7857142857142857, "n": 0.8571428571428571, "e": 0.9285714285714285, "u": 0.9999999999999999}, "1": {"H": 0.125, "M": 0.375, "i": 0.5,